phase,speed_profile,altitude_profile,bs_density_profile,policy,mean_handovers,mean_ping_pong,mean_interruption_s,mean_latency_violations,service_success_rate_pct,mean_throughput_mbps,mean_throughput_gap_mbps,mean_throughput_to_demand_pct,mean_demand_satisfied_sample_pct,mean_sinr_db,sample_size
growth,high,high,dense,proactive,18.080645161290324,5.903225806451613,0.6064838709677419,462.5967741935484,5.798394290811775,8.450645161290323,16.549354838709675,33.802580645161285,0.0,1.0433870967741936,62
growth,high,high,dense,reactive,44.435483870967744,25.56451612903226,4.821423548387097,484.4193548387097,0.0,9.400645161290322,15.599354838709678,37.60258064516129,0.0,2.5453225806451614,62
growth,high,high,sparse,proactive,12.96774193548387,4.532258064516129,0.44348387096774194,413.30645161290323,3.482587064676617,10.644193548387097,14.355806451612903,42.57677419354839,0.0,5.053387096774194,62
growth,high,high,sparse,reactive,38.45161290322581,24.93548387096774,4.222090967741936,437.4516129032258,0.0,11.222903225806453,13.777096774193547,44.89161290322581,0.0,5.905645161290322,62
growth,high,low,dense,proactive,16.403225806451612,5.258064516129032,0.5310806451612904,411.69354838709677,10.619469026548673,10.323064516129032,14.676935483870968,41.292258064516126,0.0,5.500645161290323,62
growth,high,low,dense,reactive,37.435483870967744,21.838709677419356,3.9970383870967745,428.9032258064516,0.0,11.273548387096774,13.726451612903226,45.094193548387096,0.0,6.918387096774193,62
growth,high,low,sparse,proactive,11.741935483870968,3.870967741935484,0.397241935483871,397.9032258064516,5.082417582417582,11.235322580645162,13.764677419354838,44.94129032258065,0.0,7.155322580645161,62
growth,high,low,sparse,reactive,37.38709677419355,23.741935483870968,4.089438387096774,421.38709677419354,0.0,11.76032258064516,13.23967741935484,47.04129032258064,0.0,7.891129032258065,62
growth,high,mid,dense,proactive,17.451612903225808,6.032258064516129,0.5777903225806451,435.4193548387097,7.6709796672828094,9.45258064516129,15.547419354838711,37.810322580645156,0.0,3.165,62
growth,high,mid,dense,reactive,41.0,24.0,4.4145650000000005,454.01612903225805,0.0,10.417741935483871,14.582258064516129,41.670967741935485,0.0,4.650967741935484,62
growth,high,mid,sparse,proactive,12.548387096774194,4.225806451612903,0.4269516129032258,404.53225806451616,4.241645244215938,11.006129032258064,13.993870967741936,44.02451612903226,0.0,5.938225806451613,62
growth,high,mid,sparse,reactive,38.03225806451613,24.758064516129032,4.164427903225806,428.0967741935484,0.0,11.539193548387097,13.460806451612903,46.15677419354839,0.0,6.7380645161290325,62
growth,low,high,dense,proactive,18.467741935483872,5.838709677419355,0.6367258064516129,699.4032258064516,2.096069868995633,8.783709677419356,16.216290322580644,35.134838709677425,0.0,1.6229032258064517,62
growth,low,high,dense,reactive,62.37096774193548,40.58064516129032,6.854202580645161,739.8387096774194,0.0,9.366935483870968,15.633064516129032,37.46774193548387,0.0,2.5380645161290323,62
growth,low,high,sparse,proactive,13.419354838709678,3.9516129032258065,0.4648548387096774,625.5483870967741,1.5625,10.870322580645162,14.129677419354838,43.48129032258065,0.0,5.425806451612903,62
growth,low,high,sparse,reactive,56.53225806451613,38.854838709677416,6.247837741935483,667.8387096774194,0.0,11.204193548387096,13.795806451612904,44.81677419354838,0.0,5.882258064516129,62
growth,low,low,dense,proactive,16.951612903225808,5.387096774193548,0.5751290322580646,622.6612903225806,4.471931493815414,10.640645161290323,14.359354838709677,42.56258064516129,0.0,6.0075806451612905,62
growth,low,low,dense,reactive,53.274193548387096,35.38709677419355,5.740260322580645,655.5645161290323,0.0,11.238548387096774,13.761451612903226,44.954193548387096,0.0,6.875322580645161,62
growth,low,low,sparse,proactive,12.161290322580646,3.5161290322580645,0.4185967741935484,601.7741935483871,2.519893899204244,11.454354838709676,13.545645161290324,45.817419354838705,0.0,7.509677419354839,62
growth,low,low,sparse,reactive,52.91935483870968,35.61290322580645,5.839782258064516,641.6290322580645,0.0,11.756290322580645,13.243709677419355,47.02516129032258,0.0,7.907258064516129,62
growth,low,mid,dense,proactive,17.725806451612904,5.82258064516129,0.6066774193548387,657.0,3.1847133757961785,9.798225806451613,15.201774193548387,39.192903225806454,0.0,3.7409677419354836,62
growth,low,mid,dense,reactive,55.95161290322581,36.61290322580645,6.08149564516129,691.7258064516129,0.0,10.386290322580646,14.613709677419354,41.54516129032258,0.0,4.639838709677419,62
growth,low,mid,sparse,proactive,12.790322580645162,3.6451612903225805,0.4406129032258065,611.741935483871,2.3959646910466583,11.222741935483871,13.777258064516129,44.89096774193549,0.0,6.300806451612903,62
growth,low,mid,sparse,reactive,54.82258064516129,36.83870967741935,6.033305483870968,653.0483870967741,0.0,11.533387096774193,13.466612903225807,46.13354838709677,0.0,6.720322580645161,62
growth,medium,high,dense,proactive,17.983870967741936,5.82258064516129,0.6101451612903226,548.5645161290323,4.2152466367713,8.611612903225806,16.388387096774196,34.446451612903225,0.0,1.3201612903225806,62
growth,medium,high,dense,reactive,50.32258064516129,30.85483870967742,5.498519193548387,576.9354838709677,0.0,9.393064516129032,15.606935483870968,37.57225806451613,0.0,2.5498387096774193,62
growth,medium,high,sparse,proactive,12.919354838709678,4.0,0.4451290322580645,491.0967741935484,2.3720349563046192,10.751612903225807,14.248387096774193,43.00645161290323,0.0,5.233870967741935,62
growth,medium,high,sparse,reactive,44.516129032258064,29.048387096774192,4.889445806451613,521.3064516129032,0.0,11.222096774193549,13.777903225806451,44.888387096774196,0.0,5.891935483870968,62
growth,medium,low,dense,proactive,16.822580645161292,5.580645161290323,0.5539193548387097,488.5806451612903,8.533077660594438,10.475645161290323,14.524354838709677,41.902580645161294,0.0,5.744516129032259,62
growth,medium,low,dense,reactive,42.70967741935484,26.048387096774192,4.5577296774193545,511.01612903225805,0.0,11.280645161290321,13.719354838709679,45.122580645161285,0.0,6.928709677419355,62
growth,medium,low,sparse,proactive,12.338709677419354,3.9516129032258065,0.4199838709677419,472.80645161290323,4.183006535947712,11.33548387096774,13.66451612903226,45.34193548387096,0.0,7.301612903225807,62
growth,medium,low,sparse,reactive,42.774193548387096,28.241935483870968,4.694784677419355,501.9193548387097,0.0,11.771290322580645,13.228709677419355,47.08516129032258,0.0,7.931774193548387,62
growth,medium,mid,dense,proactive,17.64516129032258,6.032258064516129,0.5912419354838709,516.0967741935484,6.032906764168191,9.606935483870968,15.393064516129032,38.42774193548387,0.0,3.4317741935483874,62
growth,medium,mid,dense,reactive,46.24193548387097,28.306451612903224,5.002934838709678,540.3387096774194,0.0,10.413548387096775,14.586451612903225,41.6541935483871,0.0,4.6658064516129025,62
growth,medium,mid,sparse,proactive,12.85483870967742,4.193548387096774,0.4395322580645162,480.6774193548387,3.5131744040150563,11.106612903225807,13.893387096774193,44.42645161290323,0.0,6.109677419354839,62
growth,medium,mid,sparse,reactive,43.5,29.14516129032258,4.77512435483871,510.14516129032256,0.0,11.543387096774195,13.456612903225805,46.17354838709678,0.0,6.752419354838709,62
introduction,high,high,dense,proactive,13.112903225806452,3.903225806451613,0.4467096774193548,385.7096774193548,4.059040590405904,7.336935483870968,17.66306451612903,29.34774193548387,0.0,-0.7808064516129032,62
introduction,high,high,dense,reactive,36.274193548387096,23.419354838709676,3.9048920967741934,408.0967741935484,0.0,8.296451612903226,16.703548387096774,33.185806451612905,0.0,0.7483870967741937,62
introduction,high,high,sparse,proactive,8.370967741935484,3.4516129032258065,0.29038709677419355,331.80645161290323,1.348747591522158,9.751612903225807,15.248387096774193,39.00645161290323,0.0,3.3133870967741936,62
introduction,high,high,sparse,reactive,29.14516129032258,21.20967741935484,3.211280322580645,350.9516129032258,0.0,10.264032258064516,14.735967741935484,41.05612903225806,0.0,4.050806451612903,62
introduction,high,low,dense,proactive,11.629032258064516,3.0483870967741935,0.38883870967741935,346.258064516129,6.796116504854369,9.245645161290323,15.754354838709677,36.98258064516129,0.0,3.536451612903226,62
introduction,high,low,dense,reactive,29.177419354838708,17.177419354838708,3.1465204838709675,364.35483870967744,0.0,10.274193548387096,14.725806451612904,41.096774193548384,0.0,5.147096774193549,62
introduction,high,low,sparse,proactive,7.612903225806452,2.903225806451613,0.25643548387096776,312.3225806451613,5.720338983050848,10.551612903225807,14.448387096774193,42.20645161290323,0.0,5.665645161290322,62
introduction,high,low,sparse,reactive,26.596774193548388,18.29032258064516,2.9419738709677423,331.0483870967742,0.0,10.95032258064516,14.04967741935484,43.80129032258064,0.0,6.242903225806452,62
introduction,high,mid,dense,proactive,12.483870967741936,3.532258064516129,0.42246774193548386,368.741935483871,5.038759689922481,8.21951612903226,16.780483870967743,32.87806451612904,0.0,0.9353225806451613,62
introduction,high,mid,dense,reactive,32.16129032258065,20.387096774193548,3.4564582258064513,388.30645161290323,0.0,9.191935483870967,15.808064516129033,36.76774193548387,0.0,2.4653225806451613,62
introduction,high,mid,sparse,proactive,7.919354838709677,3.1129032258064515,0.2701290322580645,322.8709677419355,3.8696537678207736,10.128870967741936,14.871129032258064,40.51548387096774,0.0,4.155322580645161,62
introduction,high,mid,sparse,reactive,28.06451612903226,19.93548387096774,3.1073812903225804,342.48387096774195,0.0,10.56241935483871,14.43758064516129,42.24967741935484,0.0,4.783709677419354,62
introduction,low,high,dense,proactive,14.274193548387096,4.580645161290323,0.4932903225806452,585.2741935483871,1.92090395480226,7.683709677419355,17.31629032258065,30.73483870967742,0.0,-0.11032258064516126,62
introduction,low,high,dense,reactive,53.306451612903224,38.11290322580645,5.79502064516129,623.5806451612904,0.0,8.234677419354838,16.76532258064516,32.938709677419354,0.0,0.7132258064516129,62
introduction,low,high,sparse,proactive,10.064516129032258,4.564516129032258,0.3463225806451613,502.43548387096774,2.564102564102564,9.958870967741936,15.041129032258064,39.83548387096774,0.0,3.6609677419354836,62
introduction,low,high,sparse,reactive,41.91935483870968,31.43548387096774,4.627402580645162,534.5,0.0,10.235322580645162,14.764677419354838,40.94129032258065,0.0,4.021774193548387,62
introduction,low,low,dense,proactive,12.758064516129032,3.4838709677419355,0.438,528.4193548387096,2.9077117572692797,9.638548387096774,15.361451612903226,38.5541935483871,0.0,4.228548387096774,62
introduction,low,low,dense,reactive,39.403225806451616,25.5,4.2826082258064515,554.6290322580645,0.0,10.21758064516129,14.78241935483871,40.87032258064516,0.0,5.089677419354839,62
introduction,low,low,sparse,proactive,8.870967741935484,3.6451612903225805,0.3026935483870968,474.93548387096774,3.8181818181818183,10.695967741935483,14.304032258064517,42.78387096774193,0.0,5.912419354838709,62
introduction,low,low,sparse,reactive,38.435483870967744,29.177419354838708,4.281301612903226,504.2741935483871,0.0,10.940967741935484,14.059032258064516,43.76387096774194,0.0,6.2454838709677425,62
introduction,low,mid,dense,proactive,13.790322580645162,4.306451612903226,0.4748709677419355,561.9032258064516,2.456140350877193,8.584838709677419,16.41516129032258,34.339354838709674,0.0,1.602258064516129,62
introduction,low,mid,dense,reactive,46.903225806451616,32.03225806451613,5.0813769354838705,593.241935483871,0.0,9.116129032258065,15.883870967741935,36.46451612903226,0.0,2.3770967741935483,62
introduction,low,mid,sparse,proactive,9.258064516129032,3.8870967741935485,0.3180967741935484,490.11290322580646,2.7874564459930316,10.298064516129033,14.701935483870967,41.19225806451613,0.0,4.4430645161290325,62
introduction,low,mid,sparse,reactive,40.20967741935484,30.193548387096776,4.457829838709677,521.4193548387096,0.0,10.564354838709678,14.435645161290322,42.25741935483871,0.0,4.809032258064517,62
introduction,medium,high,dense,proactive,14.048387096774194,4.693548387096774,0.4824193548387097,458.6290322580645,2.8702640642939152,7.567096774193549,17.43290322580645,30.268387096774195,0.0,-0.3851612903225806,62
introduction,medium,high,dense,reactive,42.806451612903224,28.596774193548388,4.624199677419355,487.30645161290323,0.0,8.283548387096776,16.716451612903228,33.1341935483871,0.0,0.7287096774193549,62
introduction,medium,high,sparse,proactive,8.483870967741936,3.4193548387096775,0.292483870967742,393.6774193548387,2.2813688212927756,9.865645161290322,15.134354838709678,39.46258064516129,0.0,3.491290322580645,62
introduction,medium,high,sparse,reactive,32.62903225806452,24.258064516129032,3.6102082258064514,416.9193548387097,0.0,10.262419354838709,14.737580645161291,41.049677419354836,0.0,4.057903225806451,62
introduction,medium,low,dense,proactive,12.161290322580646,3.403225806451613,0.41303225806451616,412.56451612903226,4.509283819628647,9.461935483870967,15.538064516129033,37.84774193548387,0.0,3.893548387096774,62
introduction,medium,low,dense,reactive,32.435483870967744,20.20967741935484,3.5015720967741935,433.33870967741933,0.0,10.298709677419355,14.701290322580645,41.19483870967742,0.0,5.175967741935485,62
introduction,medium,low,sparse,proactive,8.064516129032258,3.096774193548387,0.27261290322580645,372.35483870967744,5.2,10.629516129032258,14.370483870967742,42.51806451612903,0.0,5.79274193548387,62
introduction,medium,low,sparse,reactive,30.822580645161292,21.870967741935484,3.406701451612903,394.93548387096774,0.0,10.966935483870968,14.033064516129034,43.86774193548387,0.0,6.259516129032257,62
introduction,medium,mid,dense,proactive,12.709677419354838,3.596774193548387,0.43370967741935484,438.8709677419355,3.807106598984772,8.429354838709678,16.570645161290326,33.71741935483871,0.0,1.2753225806451614,62
introduction,medium,mid,dense,reactive,37.45161290322581,24.56451612903226,4.037602741935483,463.46774193548384,0.0,9.186612903225807,15.813387096774193,36.74645161290323,0.0,2.4361290322580644,62
introduction,medium,mid,sparse,proactive,8.435483870967742,3.338709677419355,0.28893548387096774,384.64516129032256,3.2504780114722758,10.238225806451613,14.761774193548387,40.95290322580645,0.0,4.332096774193548,62
introduction,medium,mid,sparse,reactive,31.629032258064516,22.467741935483872,3.4962911290322576,407.16129032258067,0.0,10.589193548387096,14.410806451612904,42.35677419354838,0.0,4.8220967741935485,62
maturity,high,high,dense,proactive,23.35483870967742,5.741935483870968,0.8010967741935484,592.0483870967741,2.9696132596685083,8.606774193548388,16.393225806451614,34.42709677419355,0.0,0.7603225806451613,62
maturity,high,high,dense,reactive,58.064516129032256,31.661290322580644,6.524246612903226,620.7903225806451,0.0,9.429354838709678,15.570645161290322,37.71741935483871,0.0,2.1588709677419353,62
maturity,high,high,sparse,proactive,17.5,4.516129032258065,0.6021129032258065,507.35483870967744,2.488479262672811,11.056451612903226,13.943548387096774,44.225806451612904,0.0,4.993870967741936,62
maturity,high,high,sparse,reactive,46.41935483870968,26.129032258064516,5.3406641935483865,530.3870967741935,0.0,11.651451612903225,13.348548387096775,46.6058064516129,0.0,6.023064516129033,62
maturity,high,low,dense,proactive,21.822580645161292,5.064516129032258,0.7266935483870969,524.8225806451613,7.317073170731707,10.364516129032259,14.635483870967741,41.458064516129035,0.0,4.880645161290323,62
maturity,high,low,dense,reactive,51.29032258064516,26.580645161290324,5.7092416129032255,548.5806451612904,0.0,11.198709677419355,13.801290322580645,44.79483870967742,0.0,6.203064516129033,62
maturity,high,low,sparse,proactive,16.951612903225808,4.516129032258065,0.5740161290322581,470.66129032258067,4.9476688867745,11.908387096774195,13.091612903225805,47.63354838709678,0.0,7.812741935483871,62
maturity,high,low,sparse,reactive,43.54838709677419,23.580645161290324,4.996627096774194,490.56451612903226,0.0,12.545967741935485,12.454032258064515,50.18387096774194,0.0,8.852741935483872,62
maturity,high,mid,dense,proactive,22.677419354838708,5.5,0.7681129032258065,557.516129032258,4.836415362731152,9.531129032258063,15.468870967741934,38.124516129032266,0.0,2.4741935483870967,62
maturity,high,mid,dense,reactive,55.03225806451613,29.64516129032258,6.135095483870968,584.1290322580645,0.0,10.338225806451613,14.661774193548387,41.35290322580645,0.0,3.815806451612903,62
maturity,high,mid,sparse,proactive,16.967741935483872,4.370967741935484,0.5794032258064515,487.5967741935484,3.70722433460076,11.50725806451613,13.49274193548387,46.02903225806452,0.0,6.1046774193548385,62
maturity,high,mid,sparse,reactive,44.774193548387096,24.64516129032258,5.142118387096774,509.1290322580645,0.0,12.124193548387098,12.875806451612902,48.49677419354839,0.0,7.1285483870967745,62
maturity,low,high,dense,proactive,23.903225806451612,5.306451612903226,0.8254838709677419,889.016129032258,2.0242914979757085,8.921129032258065,16.078870967741935,35.68451612903226,0.0,1.3070967741935482,62
maturity,low,high,dense,reactive,81.01612903225806,50.03225806451613,9.19416322580645,941.1129032258065,0.0,9.428548387096775,15.571451612903227,37.7141935483871,0.0,2.164193548387097,62
maturity,low,high,sparse,proactive,17.758064516129032,4.080645161290323,0.6126290322580645,762.8225806451613,2.17983651226158,11.29225806451613,13.70774193548387,45.16903225806452,0.0,5.429354838709678,62
maturity,low,high,sparse,reactive,64.04838709677419,38.54838709677419,7.438869032258064,803.2258064516129,0.0,11.661290322580646,13.338709677419354,46.645161290322584,0.0,6.063548387096774,62
maturity,low,low,dense,proactive,21.903225806451612,4.838709677419355,0.7543709677419355,786.8709677419355,2.4300441826215025,10.70741935483871,14.29258064516129,42.82967741935484,0.0,5.4433870967741935,62
maturity,low,low,dense,reactive,70.0,42.58064516129032,7.8835041935483865,830.5483870967741,0.0,11.21016129032258,13.78983870967742,44.84064516129032,0.0,6.251129032258064,62
maturity,low,low,sparse,proactive,17.241935483870968,4.112903225806452,0.5938225806451614,706.983870967742,2.432179607109448,12.160806451612904,12.839193548387096,48.64322580645162,0.0,8.244193548387097,62
maturity,low,low,sparse,reactive,60.45161290322581,37.193548387096776,7.0060540322580644,742.7903225806451,0.0,12.563387096774193,12.436612903225807,50.25354838709677,0.0,8.88790322580645,62
maturity,low,mid,dense,proactive,22.693548387096776,4.82258064516129,0.7846290322580645,836.6935483870968,1.8479033404406537,9.849838709677421,15.150161290322579,39.399354838709684,0.0,3.021451612903226,62
maturity,low,mid,dense,reactive,75.16129032258064,46.016129032258064,8.488185161290323,884.4193548387096,0.0,10.355967741935485,14.644032258064515,41.423870967741934,0.0,3.854516129032258,62
maturity,low,mid,sparse,proactive,17.274193548387096,4.064516129032258,0.5945806451612904,732.4354838709677,2.5210084033613445,11.777096774193547,13.222903225806453,47.10838709677419,0.0,6.561129032258065,62
maturity,low,mid,sparse,reactive,62.145161290322584,37.91935483870968,7.2206216129032255,771.1774193548387,0.0,12.14241935483871,12.85758064516129,48.56967741935484,0.0,7.179354838709678,62
maturity,medium,high,dense,proactive,23.387096774193548,5.67741935483871,0.8051935483870968,701.0806451612904,2.4827586206896552,8.777258064516129,16.22274193548387,35.109032258064516,0.0,1.0548387096774194,62
maturity,medium,high,dense,reactive,66.48387096774194,38.354838709677416,7.493568548387096,739.4516129032259,0.0,9.44032258064516,15.55967741935484,37.76129032258064,0.0,2.1837096774193547,62
maturity,medium,high,sparse,proactive,16.983870967741936,4.112903225806452,0.5840483870967742,601.1290322580645,2.6590693257359925,11.175,13.825,44.7,0.0,5.210322580645162,62
maturity,medium,high,sparse,reactive,53.61290322580645,30.822580645161292,6.182863709677419,632.3870967741935,0.0,11.659193548387098,13.340806451612902,46.63677419354839,0.0,6.058064516129033,62
maturity,medium,low,dense,proactive,22.032258064516128,5.064516129032258,0.7496129032258064,622.1290322580645,4.24597364568082,10.533870967741937,14.466129032258063,42.13548387096775,0.0,5.159032258064516,62
maturity,medium,low,dense,reactive,58.66129032258065,32.274193548387096,6.561736129032258,653.9516129032259,0.0,11.215483870967741,13.784516129032259,44.861935483870965,0.0,6.252419354838709,62
maturity,medium,low,sparse,proactive,16.758064516129032,4.112903225806452,0.5713225806451614,558.3064516129032,3.946102021174206,12.050967741935484,12.949032258064516,48.203870967741935,0.0,8.052096774193549,62
maturity,medium,low,sparse,reactive,49.67741935483871,28.35483870967742,5.7389693548387095,584.1290322580645,0.0,12.561774193548388,12.438225806451612,50.24709677419355,0.0,8.895806451612902,62
maturity,medium,mid,dense,proactive,22.306451612903224,5.209677419354839,0.764774193548387,660.741935483871,3.109182935647144,9.695,15.305,38.78,0.0,2.751290322580645,62
maturity,medium,mid,dense,reactive,61.774193548387096,34.83870967741935,6.925014677419354,695.3870967741935,0.0,10.361935483870969,14.638064516129031,41.44774193548387,0.0,3.8606451612903228,62
maturity,medium,mid,sparse,proactive,16.612903225806452,4.032258064516129,0.5680967741935484,578.016129032258,3.4951456310679614,11.634193548387096,13.365806451612904,46.53677419354838,0.0,6.329516129032259,62
maturity,medium,mid,sparse,reactive,51.564516129032256,29.822580645161292,5.9549708064516125,607.1290322580645,0.0,12.144354838709678,12.855645161290322,48.57741935483871,0.0,7.185806451612903,62
